{
    "data_types": {
        "dt-config-deploy-properties": {
            "description": "Dynamic DataType definition for workflow(config-deploy).",
            "version": "1.0.0",
            "properties": {
                "vpg_onap_private_ip_0": {
                    "description": "",
                    "required": false,
                    "type": "string",
                    "status": "",
                    "constraints": [
                        {}
                    ],
                    "entry_schema": {
                        "type": ""
                    }
                },
                "vnf-id": {
                    "description": "",
                    "required": false,
                    "type": "string",
                    "status": "",
                    "constraints": [
                        {}
                    ],
                    "entry_schema": {
                        "type": ""
                    }
                },
                "service-instance-id": {
                    "description": "",
                    "required": false,
                    "type": "string",
                    "status": "",
                    "constraints": [
                        {}
                    ],
                    "entry_schema": {
                        "type": ""
                    }
                },
                "active-streams": {
                    "description": "",
                    "required": false,
                    "type": "string",
                    "status": "",
                    "constraints": [
                        {}
                    ],
                    "entry_schema": {
                        "type": ""
                    }
                },
                "put-active-streams": {
                    "description": "",
                    "required": false,
                    "type": "string",
                    "status": "",
                    "constraints": [
                        {}
                    ],
                    "entry_schema": {
                        "type": ""
                    }
                }
            },
            "derived_from": "tosca.datatypes.Dynamic"
        },
        "dt-resource-assignment-properties": {
            "description": "Dynamic DataType definition for workflow(resource-assignment).",
            "version": "1.0.0",
            "properties": {
                "vpg-management-port": {
                    "description": "SSH external port of ssh. When 0 ssh service will not be exposed",
                    "type": "string",
                    "default": "0"
                },
                "k8s-rb-profile-namespace": {
                    "description": "K8s namespace to create helm chart for specified profile",
                    "type": "string"
                },
                "k8s-rb-profile-name": {
                    "description": "Profile name used in multicloud/k8s plugin to identify Helm chart(s) where this mapping is providing override values.",
                    "type": "string"
                },
                "private1-prefix-id": {
                    "description": "",
                    "required": false,
                    "type": "string"
                },
                "private2-prefix-id": {
                    "description": "",
                    "required": false,
                    "type": "string"
                },
                "vnf-id": {
                    "description": "",
                    "required": false,
                    "type": "string"
                },
                "service-instance-id": {
                    "description": "",
                    "required": false,
                    "type": "string"
                },
                "vnf_name": {
                    "description": "",
                    "required": false,
                    "type": "string"
                },
                "demo_artifacts_version": {
                    "description": "",
                    "required": false,
                    "type": "string",
                    "default": "1.5.0"
                },
                "aic-cloud-region": {
                    "description": "",
                    "required": false,
                    "type": "string"
                },
                "vf-module-model-customization-uuid": {
                    "description": "",
                    "required": false,
                    "type": "string"
                },
                "onap_private_net_cidr": {
                    "description": "",
                    "required": false,
                    "type": "string"
                },
                "management-prefix-id": {
                    "description": "",
                    "required": false,
                    "type": "string"
                },
                "dcae_collector_ip": {
                    "description": "",
                    "required": false,
                    "type": "string",
                    "default": "10.0.4.1"
                },
                "int_private1_net_cidr": {
                    "description": "",
                    "required": false,
                    "type": "string"
                },
                "vf-module-id": {
                    "description": "",
                    "required": false,
                    "type": "string"
                },
                "dcae_collector_port": {
                    "description": "",
                    "required": false,
                    "type": "string",
                    "default": "30235"
                },
                "vf-module-label": {
                    "description": "",
                    "required": false,
                    "type": "string"
                },
                "vf-module-model-invariant-uuid": {
                    "type": "string"
                },
                "vf-naming-policy": {
                    "description": "",
                    "required": false,
                    "type": "string"
                },
                "int_private2_net_cidr": {
                    "description": "",
                    "required": false,
                    "type": "string"
                },
                "vf-module-model-version": {
                    "type": "string"
                }
            },
            "derived_from": "tosca.datatypes.Dynamic"
        }
    }
}
